pos,bases,A,C,G,T,N,avgQ,errQ,plow,phigh,bp,file,depth
ALL,44526397000,27.1,22.9,23,26.9,0.1,33.6,14.7,8.4,91.6,100,largedata/fqchk/Sample_JRIAL2A_index1_1.fastq.gz.qc,17.8105588
ALL,44526397000,26.7,23.4,23.4,26.4,0.1,33,14.2,10,90,100,largedata/fqchk/Sample_JRIAL2A_index1_2.fastq.gz.qc,17.8105588
ALL,38933416500,27.1,22.9,23.1,26.9,0.1,33.9,15.1,7.8,92.2,100,largedata/fqchk/Sample_JRIAL2B_index2_1.fastq.gz.qc,15.5733666
ALL,38933416500,26.8,23.5,23.4,26.3,0.1,33.2,14.4,9.6,90.4,100,largedata/fqchk/Sample_JRIAL2B_index2_2.fastq.gz.qc,15.5733666
ALL,37010924200,27.7,22.4,22.5,27.3,0.1,33.3,14.3,9.2,90.8,100,largedata/fqchk/Sample_JRIAL2C_index3_1.fastq.gz.qc,14.80436968
ALL,37010924200,27.3,22.8,22.8,27,0.1,32.5,13.7,11.2,88.8,100,largedata/fqchk/Sample_JRIAL2C_index3_2.fastq.gz.qc,14.80436968
ALL,46501633900,26.2,23.8,24,25.9,0.1,33.1,14.3,9.3,90.7,100,largedata/fqchk/Sample_JRIAL2D_index4_1.fastq.gz.qc,18.60065356
ALL,46501633900,25.8,24.4,24.4,25.4,0.1,32.3,13.5,11.5,88.5,100,largedata/fqchk/Sample_JRIAL2D_index4_2.fastq.gz.qc,18.60065356
ALL,36174130800,26.7,23.3,23.5,26.4,0.1,33.3,14.5,9,91,100,largedata/fqchk/Sample_JRIAL2E_index5_1.fastq.gz.qc,14.46965232
ALL,36174130800,26.3,23.9,23.8,25.9,0.1,32.5,13.7,11.1,88.9,100,largedata/fqchk/Sample_JRIAL2E_index5_2.fastq.gz.qc,14.46965232
ALL,38035197200,26.5,23.4,23.6,26.3,0.1,33.5,14.6,8.6,91.4,100,largedata/fqchk/Sample_JRIAL2F_index6_1.fastq.gz.qc,15.21407888
ALL,38035197200,26.3,24,23.9,25.7,0.1,32.7,13.9,10.7,89.3,100,largedata/fqchk/Sample_JRIAL2F_index6_2.fastq.gz.qc,15.21407888
ALL,38330469500,27,23,23.2,26.8,0.1,33.3,14.4,9.1,90.9,100,largedata/fqchk/Sample_JRIAL2G_index7_1.fastq.gz.qc,15.3321878
ALL,38330469500,26.6,23.6,23.5,26.2,0.1,32.5,13.7,11.1,88.9,100,largedata/fqchk/Sample_JRIAL2G_index7_2.fastq.gz.qc,15.3321878
ALL,40622415600,26.4,23.6,23.8,26.2,0.1,33.2,14.3,9.3,90.7,100,largedata/fqchk/Sample_JRIAL2H_index8_1.fastq.gz.qc,16.24896624
ALL,40622415600,26,24.2,24.1,25.6,0.1,32.4,13.6,11.2,88.8,100,largedata/fqchk/Sample_JRIAL2H_index8_2.fastq.gz.qc,16.24896624
ALL,47541456900,26.6,23.4,23.6,26.4,0.1,33.5,14.6,8.6,91.4,100,largedata/fqchk/Sample_JRIAL2I_index9_1.fastq.gz.qc,19.01658276
ALL,47541456900,26.3,23.9,23.9,25.8,0.1,32.8,13.9,10.6,89.4,100,largedata/fqchk/Sample_JRIAL2I_index9_2.fastq.gz.qc,19.01658276
ALL,36806478300,27.3,22.8,22.9,27,0.1,33.3,14.4,9.1,90.9,100,largedata/fqchk/Sample_JRIAL2J_index10_1.fastq.gz.qc,14.72259132
ALL,36806478300,26.9,23.3,23.3,26.4,0.1,32.4,13.5,11.6,88.4,100,largedata/fqchk/Sample_JRIAL2J_index10_2.fastq.gz.qc,14.72259132
ALL,43131316500,26.9,23,23.2,26.7,0.1,33.2,14.3,9.2,90.8,100,largedata/fqchk/Sample_JRIAL2K_index11_1.fastq.gz.qc,17.2525266
ALL,43131316500,26.7,23.6,23.5,26.1,0.1,32.6,13.8,10.9,89.1,100,largedata/fqchk/Sample_JRIAL2K_index11_2.fastq.gz.qc,17.2525266
ALL,43507590200,27.2,22.8,23,26.9,0.1,33.3,14.4,9,91,100,largedata/fqchk/Sample_JRIAL2L_index12_1.fastq.gz.qc,17.40303608
ALL,43507590200,26.8,23.4,23.4,26.4,0.1,32.5,13.7,11.2,88.8,100,largedata/fqchk/Sample_JRIAL2L_index12_2.fastq.gz.qc,17.40303608
ALL,43101657200,26.9,23.1,23.2,26.7,0.1,33.5,14.6,8.6,91.4,100,largedata/fqchk/Sample_JRIAL2M_index13_1.fastq.gz.qc,17.24066288
ALL,43101657200,26.6,23.6,23.6,26.1,0.1,32.7,13.8,10.9,89.1,100,largedata/fqchk/Sample_JRIAL2M_index13_2.fastq.gz.qc,17.24066288
ALL,38400885000,27.1,22.9,23.1,26.9,0.1,33.3,14.4,9.1,90.9,100,largedata/fqchk/Sample_JRIAL2N_index14_1.fastq.gz.qc,15.360354
ALL,38400885000,26.7,23.5,23.5,26.2,0.1,32.4,13.5,11.5,88.5,100,largedata/fqchk/Sample_JRIAL2N_index14_2.fastq.gz.qc,15.360354
ALL,36384010800,27.2,22.8,22.9,26.9,0.1,33.2,14.2,9.3,90.7,100,largedata/fqchk/Sample_JRIAL2O_index15_1.fastq.gz.qc,14.55360432
ALL,36384010800,26.8,23.3,23.3,26.5,0.1,32.4,13.5,11.6,88.4,100,largedata/fqchk/Sample_JRIAL2O_index15_2.fastq.gz.qc,14.55360432
ALL,36528677500,26.9,23,23.2,26.7,0.1,33.4,14.6,8.8,91.2,100,largedata/fqchk/Sample_JRIAL2P_index16_1.fastq.gz.qc,14.611471
ALL,36528677500,26.6,23.7,23.6,26.1,0.1,32.6,13.8,10.8,89.2,100,largedata/fqchk/Sample_JRIAL2P_index16_2.fastq.gz.qc,14.611471
ALL,45919179100,27,23,23.1,26.8,0.1,33.5,14.6,8.7,91.3,100,largedata/fqchk/Sample_JRIAL2Q_index17_1.fastq.gz.qc,18.36767164
ALL,45919179100,26.7,23.5,23.5,26.2,0.1,32.5,13.6,11.3,88.7,100,largedata/fqchk/Sample_JRIAL2Q_index17_2.fastq.gz.qc,18.36767164
ALL,41097657800,26.9,23,23.2,26.8,0.1,33.1,14.2,9.5,90.5,100,largedata/fqchk/Sample_JRIAL2R_index18_1.fastq.gz.qc,16.43906312
ALL,41097657800,26.6,23.6,23.6,26.1,0.1,32.2,13.4,11.9,88.1,100,largedata/fqchk/Sample_JRIAL2R_index18_2.fastq.gz.qc,16.43906312
ALL,38070625200,27.1,22.9,23.1,26.9,0.1,33.1,14.2,9.4,90.6,100,largedata/fqchk/Sample_JRIAL2S_index19_1.fastq.gz.qc,15.22825008
ALL,38070625200,26.8,23.4,23.4,26.3,0.1,32.1,13.2,12.3,87.7,100,largedata/fqchk/Sample_JRIAL2S_index19_2.fastq.gz.qc,15.22825008
ALL,45416785300,25.2,24.7,24.9,25.1,0.1,32.9,14,9.7,90.3,100,largedata/fqchk/Sample_JRIAL2T_index20_1.fastq.gz.qc,18.16671412
ALL,45416785300,24.8,25.5,25.4,24.3,0.1,31.7,13,12.8,87.2,100,largedata/fqchk/Sample_JRIAL2T_index20_2.fastq.gz.qc,18.16671412
